label,file,before_s,after_trim_s
ba,ba_01.wav,5.0133125,4.7333125
ba,ba_02.wav,4.7999375,4.5199375
ba,ba_03.wav,4.6719375,4.3919375
ba,ba_04.wav,5.4399375,5.1599375
ba,ba_05.wav,4.586625,4.306625
bon,bon_01.wav,4.3946875,4.1046875
bon,bon_02.wav,5.226625,4.946625
bon,bon_03.wav,4.8213125,4.5413125
bon,bon_04.wav,4.650625,4.370625
bon,bon_05.wav,4.6293125,4.3493125
hai,hai_01.wav,5.290625,5.010625
hai,hai_02.wav,5.1839375,4.9139375
hai,hai_03.wav,5.2479375,4.9679375
hai,hai_04.wav,5.4613125,5.1913125
hai,hai_05.wav,5.3973125,5.1173125
khong,khong_01.wav,6.570625,6.290625
khong,khong_02.wav,5.6533125,5.3733125
khong,khong_03.wav,5.2053125,4.9153125
khong,khong_04.wav,5.354625,5.084625
khong,khong_05.wav,4.906625,4.616625
mot,mot_01.wav,4.842625,4.562625
mot,mot_02.wav,4.7999375,4.5199375
mot,mot_03.wav,5.3759375,5.1059375
mot,mot_04.wav,4.7359375,4.4459375
mot,mot_05.wav,4.5013125,4.2213125
