test_file,true_label,pred_label,correct,top1_dtw,top2_dtw,top3_dtw
khong_04.wav,không,không,True,23.46522341791308,23.62455514602258,26.11282731397009
khong_05.wav,không,không,True,24.34064326809486,25.50304412523087,25.811872341450226
mot_04.wav,một,một,True,20.787438729063926,22.820525552484348,23.411749041151783
mot_05.wav,một,bốn,False,23.111834033086453,23.16263763663931,23.848831080600334
hai_04.wav,hai,hai,True,25.971206738913107,26.42324506250693,26.63054180127893
hai_05.wav,hai,hai,True,27.852042169184788,29.14022307989262,29.478242084366705
ba_04.wav,ba,ba,True,23.883344667017806,24.41438630401056,25.00760606330308
ba_05.wav,ba,ba,True,23.267391051525827,24.791932841263637,26.36261675015618
bon_04.wav,bốn,bốn,True,22.400348836691084,22.725462900797258,23.71341872602393
bon_05.wav,bốn,bốn,True,22.130850086646525,24.42143566010892,24.632330535967565
